-- phpMyAdmin SQL Dump
-- version 5.2.1
-- https://www.phpmyadmin.net/
--
-- Host: 127.0.0.1
-- Generation Time: Dec 31, 2024 at 10:31 AM
-- Server version: 10.4.32-MariaDB
-- PHP Version: 8.1.25

SET SQL_MODE = "NO_AUTO_VALUE_ON_ZERO";
START TRANSACTION;
SET time_zone = "+00:00";


/*!40101 SET @OLD_CHARACTER_SET_CLIENT=@@CHARACTER_SET_CLIENT */;
/*!40101 SET @OLD_CHARACTER_SET_RESULTS=@@CHARACTER_SET_RESULTS */;
/*!40101 SET @OLD_COLLATION_CONNECTION=@@COLLATION_CONNECTION */;
/*!40101 SET NAMES utf8mb4 */;

--
-- Database: `datn`
--

-- --------------------------------------------------------

--
-- Table structure for table `auths`
--

CREATE TABLE `auths` (
  `id` bigint(20) UNSIGNED NOT NULL,
  `created_at` timestamp NULL DEFAULT NULL,
  `updated_at` timestamp NULL DEFAULT NULL
) ENGINE=InnoDB DEFAULT CHARSET=utf8mb4 COLLATE=utf8mb4_unicode_ci;

-- --------------------------------------------------------

--
-- Table structure for table `detailed_history`
--

CREATE TABLE `detailed_history` (
  `id` int(10) UNSIGNED NOT NULL,
  `id_history` int(10) UNSIGNED NOT NULL,
  `id_question` int(10) UNSIGNED NOT NULL,
  `selected_answer` enum('a','b','c','d') DEFAULT NULL
) ENGINE=InnoDB DEFAULT CHARSET=utf8mb4 COLLATE=utf8mb4_unicode_ci;

--
-- Dumping data for table `detailed_history`
--

INSERT INTO `detailed_history` (`id`, `id_history`, `id_question`, `selected_answer`) VALUES
(1, 1, 126, 'a'),
(2, 1, 64, 'a'),
(3, 1, 146, 'a'),
(4, 1, 22, 'a'),
(5, 1, 125, NULL),
(6, 1, 18, NULL),
(7, 1, 103, NULL),
(8, 1, 15, NULL),
(9, 1, 115, NULL),
(10, 1, 27, NULL),
(11, 1, 85, NULL),
(12, 1, 51, NULL),
(13, 1, 38, NULL),
(14, 1, 37, NULL),
(15, 1, 53, NULL),
(16, 1, 156, NULL),
(17, 1, 47, NULL),
(18, 1, 11, NULL),
(19, 1, 173, NULL),
(20, 1, 42, NULL),
(21, 1, 164, NULL),
(22, 1, 50, NULL),
(23, 1, 105, NULL),
(24, 1, 142, NULL),
(25, 1, 144, NULL),
(26, 1, 6, NULL),
(27, 1, 145, NULL),
(28, 1, 58, NULL),
(29, 1, 129, NULL),
(30, 1, 97, NULL),
(31, 1, 168, NULL),
(32, 1, 55, NULL),
(33, 1, 174, NULL),
(34, 1, 99, NULL),
(35, 1, 157, NULL),
(36, 1, 149, NULL),
(37, 1, 95, NULL),
(38, 1, 148, NULL),
(39, 1, 150, NULL),
(40, 1, 122, NULL),
(41, 1, 29, NULL),
(42, 1, 178, NULL),
(43, 1, 101, NULL),
(44, 1, 112, NULL),
(45, 1, 52, NULL),
(46, 1, 137, NULL),
(47, 1, 25, NULL),
(48, 1, 12, NULL),
(49, 1, 100, NULL),
(50, 1, 59, NULL),
(51, 2, 126, 'b'),
(52, 2, 64, 'b'),
(53, 2, 146, 'b'),
(54, 2, 22, 'b'),
(55, 2, 125, NULL),
(56, 2, 18, NULL),
(57, 2, 103, NULL),
(58, 2, 15, NULL),
(59, 2, 115, NULL),
(60, 2, 27, NULL),
(61, 2, 85, NULL),
(62, 2, 51, NULL),
(63, 2, 38, NULL),
(64, 2, 37, NULL),
(65, 2, 53, NULL),
(66, 2, 156, NULL),
(67, 2, 47, NULL),
(68, 2, 11, NULL),
(69, 2, 173, NULL),
(70, 2, 42, NULL),
(71, 2, 164, NULL),
(72, 2, 50, NULL),
(73, 2, 105, NULL),
(74, 2, 142, NULL),
(75, 2, 144, NULL),
(76, 2, 6, NULL),
(77, 2, 145, NULL),
(78, 2, 58, NULL),
(79, 2, 129, NULL),
(80, 2, 97, NULL),
(81, 2, 168, NULL),
(82, 2, 55, NULL),
(83, 2, 174, NULL),
(84, 2, 99, NULL),
(85, 2, 157, NULL),
(86, 2, 149, NULL),
(87, 2, 95, NULL),
(88, 2, 148, NULL),
(89, 2, 150, NULL),
(90, 2, 122, NULL),
(91, 2, 29, NULL),
(92, 2, 178, NULL),
(93, 2, 101, NULL),
(94, 2, 112, NULL),
(95, 2, 52, NULL),
(96, 2, 137, NULL),
(97, 2, 25, NULL),
(98, 2, 12, NULL),
(99, 2, 100, NULL),
(100, 2, 59, NULL),
(101, 3, 47, 'a'),
(102, 3, 104, 'a'),
(103, 3, 175, 'a'),
(104, 3, 79, 'a'),
(105, 3, 11, NULL),
(106, 3, 5, NULL),
(107, 3, 43, NULL),
(108, 3, 40, NULL),
(109, 3, 65, NULL),
(110, 3, 121, NULL),
(111, 3, 111, NULL),
(112, 3, 26, NULL),
(113, 3, 102, NULL),
(114, 3, 81, NULL),
(115, 3, 15, NULL),
(116, 3, 128, NULL),
(117, 3, 117, NULL),
(118, 3, 125, NULL),
(119, 3, 17, NULL),
(120, 3, 53, NULL),
(121, 3, 173, NULL),
(122, 3, 115, NULL),
(123, 3, 94, NULL),
(124, 3, 162, NULL),
(125, 3, 156, NULL),
(126, 3, 80, NULL),
(127, 3, 74, NULL),
(128, 3, 106, NULL),
(129, 3, 153, NULL),
(130, 3, 6, NULL),
(131, 3, 44, NULL),
(132, 3, 119, NULL),
(133, 3, 149, NULL),
(134, 3, 163, NULL),
(135, 3, 49, NULL),
(136, 3, 76, NULL),
(137, 3, 14, NULL),
(138, 3, 99, NULL),
(139, 3, 67, NULL),
(140, 3, 86, NULL),
(141, 3, 55, NULL),
(142, 3, 174, NULL),
(143, 3, 142, NULL),
(144, 3, 50, NULL),
(145, 3, 58, NULL),
(146, 3, 101, NULL),
(147, 3, 12, NULL),
(148, 3, 134, NULL),
(149, 3, 52, NULL),
(150, 3, 68, NULL),
(151, 4, 126, 'a'),
(152, 4, 64, 'b'),
(153, 4, 146, 'c'),
(154, 4, 22, 'd'),
(155, 4, 125, 'a'),
(156, 4, 18, 'a'),
(157, 4, 103, 'c'),
(158, 4, 15, 'd'),
(159, 4, 115, NULL),
(160, 4, 27, NULL),
(161, 4, 85, NULL),
(162, 4, 51, NULL),
(163, 4, 38, NULL),
(164, 4, 37, NULL),
(165, 4, 53, NULL),
(166, 4, 156, NULL),
(167, 4, 47, NULL),
(168, 4, 11, NULL),
(169, 4, 173, NULL),
(170, 4, 42, NULL),
(171, 4, 164, NULL),
(172, 4, 50, NULL),
(173, 4, 105, NULL),
(174, 4, 142, NULL),
(175, 4, 144, NULL),
(176, 4, 6, NULL),
(177, 4, 145, NULL),
(178, 4, 58, NULL),
(179, 4, 129, NULL),
(180, 4, 97, NULL),
(181, 4, 168, NULL),
(182, 4, 55, NULL),
(183, 4, 174, NULL),
(184, 4, 99, NULL),
(185, 4, 157, NULL),
(186, 4, 149, NULL),
(187, 4, 95, NULL),
(188, 4, 148, NULL),
(189, 4, 150, NULL),
(190, 4, 122, NULL),
(191, 4, 29, NULL),
(192, 4, 178, NULL),
(193, 4, 101, NULL),
(194, 4, 112, NULL),
(195, 4, 52, NULL),
(196, 4, 137, NULL),
(197, 4, 25, NULL),
(198, 4, 12, NULL),
(199, 4, 100, NULL),
(200, 4, 59, NULL),
(201, 5, 2, 'a'),
(202, 5, 93, 'a'),
(203, 5, 94, 'a'),
(204, 5, 37, 'b'),
(205, 5, 156, 'b'),
(206, 5, 13, 'b'),
(207, 5, 15, 'c'),
(208, 5, 102, 'c'),
(209, 5, 84, 'c'),
(210, 5, 126, 'd'),
(211, 5, 16, 'd'),
(212, 5, 42, 'd'),
(213, 5, 65, 'a'),
(214, 5, 113, 'b'),
(215, 5, 82, 'c'),
(216, 5, 171, 'd'),
(217, 5, 73, 'a'),
(218, 5, 90, 'b'),
(219, 5, 160, 'c'),
(220, 5, 71, 'd'),
(221, 5, 67, 'a'),
(222, 5, 98, 'b'),
(223, 5, 14, 'c'),
(224, 5, 86, 'd'),
(225, 5, 144, 'a'),
(226, 5, 174, NULL),
(227, 5, 3, NULL),
(228, 5, 50, NULL),
(229, 5, 120, NULL),
(230, 5, 122, NULL),
(231, 5, 19, NULL),
(232, 5, 62, NULL),
(233, 5, 163, NULL),
(234, 5, 139, NULL),
(235, 5, 142, NULL),
(236, 5, 169, NULL),
(237, 5, 123, NULL),
(238, 5, 148, NULL),
(239, 5, 48, NULL),
(240, 5, 106, NULL),
(241, 5, 25, NULL),
(242, 5, 178, NULL),
(243, 5, 100, NULL),
(244, 5, 137, NULL),
(245, 5, 101, NULL),
(246, 5, 68, NULL),
(247, 5, 29, NULL),
(248, 5, 134, NULL),
(249, 5, 52, NULL),
(250, 5, 12, NULL),
(251, 6, 2, 'a'),
(252, 6, 93, 'a'),
(253, 6, 94, 'a'),
(254, 6, 37, 'b'),
(255, 6, 156, 'b'),
(256, 6, 13, 'b'),
(257, 6, 15, 'c'),
(258, 6, 102, 'c'),
(259, 6, 84, 'c'),
(260, 6, 126, 'd'),
(261, 6, 16, 'd'),
(262, 6, 42, 'd'),
(263, 6, 65, 'a'),
(264, 6, 113, 'b'),
(265, 6, 82, 'c'),
(266, 6, 171, 'd'),
(267, 6, 73, 'a'),
(268, 6, 90, 'b'),
(269, 6, 160, 'c'),
(270, 6, 71, 'd'),
(271, 6, 67, 'a'),
(272, 6, 98, 'b'),
(273, 6, 14, 'c'),
(274, 6, 86, 'd'),
(275, 6, 144, 'a'),
(276, 6, 174, NULL),
(277, 6, 3, NULL),
(278, 6, 50, NULL),
(279, 6, 120, NULL),
(280, 6, 122, NULL),
(281, 6, 19, NULL),
(282, 6, 62, NULL),
(283, 6, 163, NULL),
(284, 6, 139, NULL),
(285, 6, 142, NULL),
(286, 6, 169, NULL),
(287, 6, 123, NULL),
(288, 6, 148, NULL),
(289, 6, 48, NULL),
(290, 6, 106, NULL),
(291, 6, 25, NULL),
(292, 6, 178, NULL),
(293, 6, 100, NULL),
(294, 6, 137, NULL),
(295, 6, 101, NULL),
(296, 6, 68, NULL),
(297, 6, 29, NULL),
(298, 6, 134, NULL),
(299, 6, 52, NULL),
(300, 6, 12, NULL),
(301, 7, 2, 'a'),
(302, 7, 93, 'a'),
(303, 7, 94, 'a'),
(304, 7, 37, 'b'),
(305, 7, 156, 'b'),
(306, 7, 13, 'b'),
(307, 7, 15, 'c'),
(308, 7, 102, 'c'),
(309, 7, 84, 'c'),
(310, 7, 126, 'd'),
(311, 7, 16, 'd'),
(312, 7, 42, 'd'),
(313, 7, 65, 'a'),
(314, 7, 113, 'b'),
(315, 7, 82, 'c'),
(316, 7, 171, 'd'),
(317, 7, 73, 'a'),
(318, 7, 90, 'b'),
(319, 7, 160, 'c'),
(320, 7, 71, 'd'),
(321, 7, 67, 'a'),
(322, 7, 98, 'b'),
(323, 7, 14, 'c'),
(324, 7, 86, 'd'),
(325, 7, 144, 'a'),
(326, 7, 174, NULL),
(327, 7, 3, NULL),
(328, 7, 50, NULL),
(329, 7, 120, NULL),
(330, 7, 122, NULL),
(331, 7, 19, NULL),
(332, 7, 62, NULL),
(333, 7, 163, NULL),
(334, 7, 139, NULL),
(335, 7, 142, NULL),
(336, 7, 169, NULL),
(337, 7, 123, NULL),
(338, 7, 148, NULL),
(339, 7, 48, NULL),
(340, 7, 106, NULL),
(341, 7, 25, NULL),
(342, 7, 178, NULL),
(343, 7, 100, NULL),
(344, 7, 137, NULL),
(345, 7, 101, NULL),
(346, 7, 68, NULL),
(347, 7, 29, NULL),
(348, 7, 134, NULL),
(349, 7, 52, NULL),
(350, 7, 12, NULL),
(351, 8, 2, 'a'),
(352, 8, 93, 'a'),
(353, 8, 94, 'a'),
(354, 8, 37, 'b'),
(355, 8, 156, 'b'),
(356, 8, 13, 'b'),
(357, 8, 15, 'c'),
(358, 8, 102, 'c'),
(359, 8, 84, 'c'),
(360, 8, 126, 'd'),
(361, 8, 16, 'd'),
(362, 8, 42, 'd'),
(363, 8, 65, 'a'),
(364, 8, 113, 'b'),
(365, 8, 82, 'c'),
(366, 8, 171, 'd'),
(367, 8, 73, 'a'),
(368, 8, 90, 'b'),
(369, 8, 160, 'c'),
(370, 8, 71, 'd'),
(371, 8, 67, 'a'),
(372, 8, 98, 'b'),
(373, 8, 14, 'c'),
(374, 8, 86, 'd'),
(375, 8, 144, 'a'),
(376, 8, 174, NULL),
(377, 8, 3, NULL),
(378, 8, 50, NULL),
(379, 8, 120, NULL),
(380, 8, 122, NULL),
(381, 8, 19, NULL),
(382, 8, 62, NULL),
(383, 8, 163, NULL),
(384, 8, 139, NULL),
(385, 8, 142, NULL),
(386, 8, 169, NULL),
(387, 8, 123, NULL),
(388, 8, 148, NULL),
(389, 8, 48, NULL),
(390, 8, 106, NULL),
(391, 8, 25, NULL),
(392, 8, 178, NULL),
(393, 8, 100, NULL),
(394, 8, 137, NULL),
(395, 8, 101, NULL),
(396, 8, 68, NULL),
(397, 8, 29, NULL),
(398, 8, 134, NULL),
(399, 8, 52, NULL),
(400, 8, 12, NULL),
(401, 9, 2, 'a'),
(402, 9, 93, 'a'),
(403, 9, 94, 'a'),
(404, 9, 37, 'b'),
(405, 9, 156, 'b'),
(406, 9, 13, 'b'),
(407, 9, 15, 'c'),
(408, 9, 102, 'c'),
(409, 9, 84, 'c'),
(410, 9, 126, 'd'),
(411, 9, 16, 'd'),
(412, 9, 42, 'd'),
(413, 9, 65, 'a'),
(414, 9, 113, 'b'),
(415, 9, 82, 'c'),
(416, 9, 171, 'd'),
(417, 9, 73, 'a'),
(418, 9, 90, 'b'),
(419, 9, 160, 'c'),
(420, 9, 71, 'd'),
(421, 9, 67, 'a'),
(422, 9, 98, 'b'),
(423, 9, 14, 'c'),
(424, 9, 86, 'd'),
(425, 9, 144, 'a'),
(426, 9, 174, NULL),
(427, 9, 3, NULL),
(428, 9, 50, NULL),
(429, 9, 120, NULL),
(430, 9, 122, NULL),
(431, 9, 19, NULL),
(432, 9, 62, NULL),
(433, 9, 163, NULL),
(434, 9, 139, NULL),
(435, 9, 142, NULL),
(436, 9, 169, NULL),
(437, 9, 123, NULL),
(438, 9, 148, NULL),
(439, 9, 48, NULL),
(440, 9, 106, NULL),
(441, 9, 25, NULL),
(442, 9, 178, NULL),
(443, 9, 100, NULL),
(444, 9, 137, NULL),
(445, 9, 101, NULL),
(446, 9, 68, NULL),
(447, 9, 29, NULL),
(448, 9, 134, NULL),
(449, 9, 52, NULL),
(450, 9, 12, NULL),
(451, 10, 138, 'd'),
(452, 10, 171, 'd'),
(453, 10, 18, 'd'),
(454, 10, 158, 'd'),
(455, 10, 130, 'd'),
(456, 10, 54, 'd'),
(457, 10, 156, 'd'),
(458, 10, 15, 'd'),
(459, 10, 9, 'd'),
(460, 10, 147, 'd'),
(461, 10, 92, NULL),
(462, 10, 2, NULL),
(463, 10, 28, NULL),
(464, 10, 118, NULL),
(465, 10, 53, NULL),
(466, 10, 125, NULL),
(467, 10, 94, NULL),
(468, 10, 22, NULL),
(469, 10, 91, NULL),
(470, 10, 151, NULL),
(471, 10, 170, NULL),
(472, 10, 5, NULL),
(473, 10, 30, NULL),
(474, 10, 143, NULL),
(475, 10, 36, NULL),
(476, 10, 172, NULL),
(477, 10, 99, NULL),
(478, 10, 141, NULL),
(479, 10, 95, NULL),
(480, 10, 135, NULL),
(481, 10, 153, NULL),
(482, 10, 105, NULL),
(483, 10, 119, NULL),
(484, 10, 145, NULL),
(485, 10, 49, NULL),
(486, 10, 6, NULL),
(487, 10, 74, NULL),
(488, 10, 46, NULL),
(489, 10, 3, NULL),
(490, 10, 122, NULL),
(491, 10, 149, NULL),
(492, 10, 163, NULL),
(493, 10, 174, NULL),
(494, 10, 80, NULL),
(495, 10, 57, NULL),
(496, 10, 29, NULL),
(497, 10, 178, NULL),
(498, 10, 25, NULL),
(499, 10, 112, NULL),
(500, 10, 100, NULL),
(501, 11, 81, 'd'),
(502, 11, 35, 'c'),
(503, 11, 7, 'b'),
(504, 11, 124, 'a'),
(505, 11, 159, 'd'),
(506, 11, 166, 'c'),
(507, 11, 2, 'b'),
(508, 11, 10, 'a'),
(509, 11, 43, 'd'),
(510, 11, 89, 'c'),
(511, 11, 85, 'b'),
(512, 11, 37, 'a'),
(513, 11, 23, NULL),
(514, 11, 18, NULL),
(515, 11, 32, NULL),
(516, 11, 11, NULL),
(517, 11, 75, NULL),
(518, 11, 15, NULL),
(519, 11, 104, NULL),
(520, 11, 1, NULL),
(521, 11, 110, NULL),
(522, 11, 72, NULL),
(523, 11, 24, NULL),
(524, 11, 176, NULL),
(525, 11, 128, NULL),
(526, 11, 140, NULL),
(527, 11, 127, NULL),
(528, 11, 71, NULL),
(529, 11, 17, NULL),
(530, 11, 175, NULL),
(531, 11, 167, NULL),
(532, 11, 4, NULL),
(533, 11, 39, NULL),
(534, 11, 98, NULL),
(535, 11, 165, NULL),
(536, 11, 123, NULL),
(537, 11, 76, NULL),
(538, 11, 145, NULL),
(539, 11, 48, NULL),
(540, 11, 86, NULL),
(541, 11, 114, NULL),
(542, 11, 105, NULL),
(543, 11, 3, NULL),
(544, 11, 142, NULL),
(545, 11, 172, NULL),
(546, 11, 99, NULL),
(547, 11, 49, NULL),
(548, 11, 67, NULL),
(549, 11, 157, NULL),
(550, 11, 44, NULL),
(551, 12, 33, 'a'),
(552, 12, 117, 'a'),
(553, 12, 28, 'a'),
(554, 12, 147, 'a'),
(555, 12, 87, 'a'),
(556, 12, 63, 'a'),
(557, 12, 40, 'a'),
(558, 12, 104, 'a'),
(559, 12, 5, 'a'),
(560, 12, 73, 'a'),
(561, 12, 109, 'a'),
(562, 12, 127, 'a'),
(563, 12, 81, 'a'),
(564, 12, 7, 'a'),
(565, 12, 171, 'a'),
(566, 12, 110, NULL),
(567, 12, 36, NULL),
(568, 12, 56, NULL),
(569, 12, 17, NULL),
(570, 12, 89, NULL),
(571, 12, 91, NULL),
(572, 12, 155, NULL),
(573, 12, 43, NULL),
(574, 12, 27, NULL),
(575, 12, 15, NULL),
(576, 12, 76, NULL),
(577, 12, 44, NULL),
(578, 12, 105, NULL),
(579, 12, 67, NULL),
(580, 12, 148, NULL),
(581, 12, 174, NULL),
(582, 12, 80, NULL),
(583, 12, 135, NULL),
(584, 12, 97, NULL),
(585, 12, 55, NULL),
(586, 12, 60, NULL),
(587, 12, 141, NULL),
(588, 12, 58, NULL),
(589, 12, 77, NULL),
(590, 12, 168, NULL),
(591, 12, 61, NULL),
(592, 12, 74, NULL),
(593, 12, 50, NULL),
(594, 12, 96, NULL),
(595, 12, 145, NULL),
(596, 12, 112, NULL),
(597, 12, 101, NULL),
(598, 12, 59, NULL),
(599, 12, 25, NULL),
(600, 12, 52, NULL),
(601, 13, 21, 'a'),
(602, 13, 7, 'c'),
(603, 13, 32, 'a'),
(604, 13, 138, 'c'),
(605, 13, 92, 'a'),
(606, 13, 82, 'c'),
(607, 13, 102, 'a'),
(608, 13, 175, 'c'),
(609, 13, 117, 'a'),
(610, 13, 10, 'c'),
(611, 13, 108, NULL),
(612, 13, 124, NULL),
(613, 13, 43, NULL),
(614, 13, 36, NULL),
(615, 13, 24, NULL),
(616, 13, 91, NULL),
(617, 13, 22, NULL),
(618, 13, 104, NULL),
(619, 13, 5, NULL),
(620, 13, 151, NULL),
(621, 13, 170, NULL),
(622, 13, 78, NULL),
(623, 13, 13, NULL),
(624, 13, 89, NULL),
(625, 13, 127, NULL),
(626, 13, 81, NULL),
(627, 13, 156, NULL),
(628, 13, 118, NULL),
(629, 13, 51, NULL),
(630, 13, 27, NULL),
(631, 13, 46, NULL),
(632, 13, 167, NULL),
(633, 13, 50, NULL),
(634, 13, 4, NULL),
(635, 13, 148, NULL),
(636, 13, 34, NULL),
(637, 13, 165, NULL),
(638, 13, 80, NULL),
(639, 13, 145, NULL),
(640, 13, 45, NULL),
(641, 13, 135, NULL),
(642, 13, 98, NULL),
(643, 13, 119, NULL),
(644, 13, 49, NULL),
(645, 13, 161, NULL),
(646, 13, 61, NULL),
(647, 13, 139, NULL),
(648, 13, 136, NULL),
(649, 13, 96, NULL),
(650, 13, 122, NULL);

-- --------------------------------------------------------

--
-- Table structure for table `e_questions`
--

CREATE TABLE `e_questions` (
  `id` int(10) UNSIGNED NOT NULL,
  `question` varchar(255) NOT NULL,
  `a` varchar(255) NOT NULL,
  `b` varchar(255) NOT NULL,
  `c` varchar(255) NOT NULL,
  `d` varchar(255) NOT NULL,
  `correct_answer` enum('a','b','c','d') NOT NULL,
  `level` enum('Dễ','Trung bình','Khó') NOT NULL,
  `created_at` timestamp NULL DEFAULT NULL,
  `updated_at` timestamp NULL DEFAULT NULL
) ENGINE=InnoDB DEFAULT CHARSET=utf8mb4 COLLATE=utf8mb4_unicode_ci;

--
-- Dumping data for table `e_questions`
--

INSERT INTO `e_questions` (`id`, `question`, `a`, `b`, `c`, `d`, `correct_answer`, `level`, `created_at`, `updated_at`) VALUES
(1, 'The mausoleum is ................. by Thien Thu mountain, two towering columns and a vast expanse of water', 'feed', 'feeding', 'fed', 'feeds', 'c', 'Dễ', '2024-11-18 18:36:30', '2024-12-07 02:32:56'),
(2, 'Put plants ............... a window so that they will get enough light.', 'near to', 'near of', 'next to', 'nearly', 'c', 'Dễ', '2024-11-18 18:36:30', '2024-12-07 02:32:56'),
(3, 'Employers often require that candidates have not only a degree .............\r\n', 'but two years experience', 'also two years experience', 'but also two-year experience', 'but more two years experience', 'c', 'Trung bình', '2024-11-18 18:36:30', '2024-12-07 02:32:56'),
(4, 'Richard Nixon had been a lawyer and ............... before he entered politics.', 'served in the Navy as an officer', 'an officer in the Navy', 'the Navy had him as an officer', ' did service in the Navy as an office', 'b', 'Trung bình', '2024-11-18 18:36:30', '2024-12-07 02:32:56'),
(5, 'If one of the participants in a conversation wonders ............... no real communication has taken place', 'what said the other person', 'what the other person said', 'what did the other person say\r\n', 'what was the other person saying', 'b', 'Dễ', '2024-11-18 18:36:30', '2024-12-07 02:32:56'),
(6, 'The salary of a bus driver is much higher ................', ' in comparison with the salary of a teacher', 'than a teacher', 'than that of a teacher', 'to compare as a teacher', 'c', 'Trung bình', '2024-11-18 18:36:30', '2024-12-07 02:32:56'),
(7, 'Professional people expect ............... when it is necessary to cancel an appointment.\r\n', 'you to call them', 'that you would call them', 'your calling them', ' that you are calling them', 'a', 'Dễ', '2024-11-18 18:36:30', '2024-12-07 02:32:56'),
(8, 'Sedimentary rocks are formed below the surface of the earth ............... very\r\nhigh temperatures and pressures.', 'where there are', 'there are', 'where are there', 'there are where', 'a', 'Dễ', '2024-11-18 18:36:30', '2024-12-07 02:32:56'),
(9, 'Farmers look forward to ............... every summer.', 'participating in the county fairs', 'participating in the county fairs', ' be participating in the county fairs', 'have participated in the county fai', 'a', 'Dễ', '2024-11-18 18:36:30', '2024-12-07 02:32:56'),
(10, 'Clipper ships were the swiftest sailing ships that …………………. to sea and the most beautiful.', 'ever were put', 'were ever putted', 'were ever put', ' ever were putted', 'c', 'Dễ', '2024-11-18 18:36:30', '2024-12-07 02:32:56'),
(11, 'The ships had their days of …………………. in the 1840s and 1850s.', 'glorious', 'glory', 'glorify', ' gloriously', 'b', 'Dễ', '2024-11-18 18:36:30', '2024-12-07 02:32:56'),
(12, 'Tea loses its flavor quickly …………………… in the hold of a vessel.', 'when storing', 'stored', 'when stored', 'storing', 'c', 'Khó', '2024-11-18 18:36:30', '2024-12-07 02:32:56'),
(13, 'Earl was one of the first American artists …………………. landscapes.', 'painting', 'painted', 'for painting', 'to paint', 'd', 'Dễ', '2024-11-18 18:36:30', '2024-12-07 02:32:56'),
(14, 'The crime rate has continued to rise in American cities despite efforts on the part of both government and private citizens to curb ................', 'them', 'him', 'its', 'it', 'd', 'Trung bình', '2024-11-18 18:36:30', '2024-12-07 02:32:56'),
(15, ' In 1778, he ……………… to London to study with Benjamin West for four years.', 'has gone', 'had gone', 'would go', 'went', 'd', 'Dễ', '2024-11-18 18:36:30', '2024-12-07 02:32:56'),
(16, ' No one has been able to satisfactorily explain how or ………………. the Moon sporadically sparks.', 'when', 'why', 'what', 'which', 'b', 'Dễ', '2024-11-18 18:36:30', '2024-12-07 02:32:56'),
(17, 'The basic fiber-optics system is called a fiberscope, …………………. consists of two bundles of fibers', 'which', 'in which', 'where', 'what', 'a', 'Dễ', '2024-11-18 18:36:30', '2024-12-07 02:32:56'),
(18, 'Physicians can look into the lungs, heart and other areas that were formerly ……………….. to the', 'accessibly', 'access', 'accessible', 'inaccessible', 'd', 'Dễ', '2024-11-18 18:36:30', '2024-12-07 02:32:56'),
(19, '............... his highly individual conceptions of music and chaos, John Cage became a leading figure in avant-garde music.', 'Such was', 'Due to', 'Because from', 'That', 'b', 'Trung bình', '2024-11-18 18:36:30', '2024-12-07 02:32:56'),
(20, 'Sanford Meisner ............... the Neighborhood Playhouse in New York City.', 'founding and directing', 'who founded and directed', 'founded and directed', 'in finding and directing', 'c', 'Dễ', '2024-11-18 18:36:30', '2024-12-07 02:32:56'),
(21, 'Experiments in the sonic imaging of moving objects ............... in both the United States and Europe well before the Second World War.\r\n', 'were conducting', 'have been conducted', 'had been conducted', 'being conducted', 'c', 'Dễ', '2024-11-18 18:36:30', '2024-12-07 02:32:56'),
(22, '. ............... billions and billions of stars exist in the vast space beyond our Milky Way galaxy.', 'That is estimated', 'An estimate that', 'That the estimate', 'It is estimated tha', 'd', 'Dễ', '2024-11-18 18:36:30', '2024-12-07 02:32:56'),
(23, '............... gene-bearing bodies within the nuclei of living organisms.', 'Chromosomes', 'Chromosomes that are', 'Chromosomes are', 'Chromosomes while they are', 'c', 'Dễ', '2024-11-18 18:36:30', '2024-12-07 02:32:56'),
(24, 'Abner Doubleday, ..............., was credited with the invention of baseball in 1839.', 'who become a Union army general', 'which became a Union army general', 'who were a Union army general', 'a Union army general', 'd', 'Dễ', '2024-11-18 18:36:30', '2024-12-07 02:32:56'),
(25, ' ............... photosynthesis were to stop, life would disappear from the planet Earth relatively quickly.', 'For', 'However', 'If', 'Although', 'c', 'Khó', '2024-11-18 18:36:30', '2024-12-07 02:32:56'),
(26, 'Each fiber in the bundle …………….. only a tiny fraction of the total image.', 'transmit', 'transmitted', 'transmits', 'to transmit', 'c', 'Dễ', '2024-11-18 18:36:30', '2024-12-07 02:32:56'),
(27, 'Antonio Gaudi, architect of Barcelona\'s Holy Family Church, died before seeing ............... the structure.', 'on completion of', 'the completion of', 'completion of', 'their completion of', 'b', 'Dễ', '2024-11-18 18:36:30', '2024-12-07 02:32:56'),
(28, 'This is the factory \r\n ................................ at work.', 'they are', 'where they are', 'where are', 'in where they are', 'b', 'Dễ', '2024-11-18 18:36:30', '2024-12-07 02:32:56'),
(29, 'America\'s first globe maker was James Wilson, who ................... and blacksmith in his earlier life', 'a farmer had been', 'a farmer had been', 'farming', 'being a farmer', 'b', 'Khó', '2024-11-18 18:36:30', '2024-12-07 02:32:56'),
(30, 'Napoleon ................... the West Indian island of Santo Domingo in 1801', 'attacked', 'is attacking', 'has attracted', 'attacking', 'a', 'Dễ', '2024-11-18 18:36:30', '2024-12-07 02:32:56'),
(31, 'Modern industrial methods have supplanted individual crafts, ................... stone carvers, coopers, and cobblers virtually extinct.\r\n', 'make blacksmiths,', 'made blacksmiths,', 'making them blacksmiths,', ' making blacksmiths,', 'd', 'Dễ', '2024-11-18 18:36:30', '2024-12-07 02:32:56'),
(32, 'Not only knowledge and skills, but also attitudes ................... in school for students\' future adjustment to society.\r\n', 'when cultivated', 'cultivated', ' which need to be cultivated', ' need to be cultivated', 'd', 'Dễ', '2024-11-18 18:36:30', '2024-12-07 02:32:56'),
(33, 'On Mercator\'s maps, the far northern and southern polar regions are ...................', 'greatly exaggerated in area.', 'exaggerating greatly in area.', 'greatly exaggerate in area.', 'great exaggeration in area.', 'a', 'Dễ', '2024-11-18 18:36:30', '2024-12-07 02:32:56'),
(34, 'On the slope of Long\'s Peak in Colorado ................... the ruin of a gigantic tree.', 'that lies', 'lies', 'where lies', 'lie', 'b', 'Trung bình', '2024-11-18 18:36:30', '2024-12-07 02:32:56'),
(35, '................... in Shanghai than in any other city in China.', 'More people live', 'More people living', 'It has more people', 'More living people', 'a', 'Dễ', '2024-11-18 18:36:30', '2024-12-07 02:32:56'),
(36, 'The earth spins on its axis and ................... 23 hours, 56 minutes and 4.09 seconds for one complete rotation.', 'need', 'needed', 'needing', 'needs', 'd', 'Dễ', '2024-11-18 18:36:30', '2024-12-07 02:32:56'),
(37, '................... on the environment for the gratification of its needs.', 'Each organism to depend', 'Every organism depends', 'All organisms depending', 'Many organisms can depend', 'b', 'Dễ', '2024-11-18 18:36:30', '2024-12-07 02:32:56'),
(38, 'Of Charles Dickens\' many novels, expectations perhaps ................... to many readers.', 'the most satisfying one', 'most satisfying on', 'more than satisfying on', 'the more satisfying than', 'a', 'Dễ', '2024-11-18 18:36:30', '2024-12-07 02:32:56'),
(39, '..................., the nation\'s capital remained in Philadelphia, Pennsylvania.', 'While designing Washington, D.C.', ' Washington, D.C., was designed', 'While Washington, D.C., was being designed', 'Washington, D.C., designed', 'c', 'Trung bình', '2024-11-18 18:36:30', '2024-12-07 02:32:56'),
(40, 'Children learn primarily by ................... the world around them.', 'experiencing directly of', 'experience direct', 'directly physical experience', 'direct physical experience of', 'd', 'Dễ', '2024-11-18 18:36:30', '2024-12-07 02:32:56'),
(41, 'It is earth\'s gravity that ....... people their weight.', 'gives', 'give', 'giving', 'given', 'a', 'Dễ', '2024-11-18 18:36:30', '2024-12-07 02:32:56'),
(42, 'Generally speaking, people should have ................... as their desires will allow.', 'much education', 'as much education', 'education', 'for education', 'b', 'Dễ', '2024-11-18 18:36:30', '2024-12-07 02:32:56'),
(43, 'A dolphin six ................... length can move as fast as most ships', 'foot in', 'feet in', 'foot of', 'feet of', 'b', 'Dễ', '2024-11-18 18:36:30', '2024-12-07 02:32:56'),
(44, 'With new technology, cameras can take pictures of underwater valleys ................... color.', 'within', 'for', 'in', 'by', 'c', 'Trung bình', '2024-11-18 18:36:30', '2024-12-07 02:32:56'),
(45, '................. the fifth largest among the nine planets that make up our solar system.', 'The Earth is', 'The Earth being', 'that the Earth is', 'Being the Earth', 'a', 'Trung bình', '2024-11-18 18:36:30', '2024-12-07 02:32:56'),
(46, 'In mathematics, a variable is a symbol ................. some element of a set.', 'and representing', 'represents', 'that represents', 'represents that', 'c', 'Trung bình', '2024-11-18 18:36:30', '2024-12-07 02:32:56'),
(47, '.................. actress\'s life is in many ways unlike that of other women.', 'An', 'A', 'As the', 'That the', 'a', 'Dễ', '2024-11-18 18:36:30', '2024-12-07 02:32:56'),
(48, 'About 20 miles from Boston, .................. a little town named Concord that has a rich history.\r\n', 'has', 'there is', 'there are', 'where is', 'b', 'Trung bình', '2024-11-18 18:36:30', '2024-12-07 02:32:56'),
(49, 'An advisor to both Franklin Delano Roosevelt and Harry Truman, ................. of Bethune Cookman College.', 'Dr. Mary Mcleod Bethune was the founder', 'Dr. Mary Mcleod Bethune, who was the founder', 'the founder was Dr. Mary Mcleod Bethune\r\n', 'did the founder Dr. Mary Mcleod Bethune\r\n', 'a', 'Trung bình', '2024-11-18 18:36:30', '2024-12-07 02:32:56'),
(50, 'Warmth, moisture, and oxygen are three necessary requirements ................. most seedlings.', 'for cultivating', 'for cultivate', ' as cultivating', 'can cultivate', 'a', 'Trung bình', '2024-11-18 18:36:30', '2024-12-07 02:32:56'),
(51, 'They share the housework …..................... between them.', 'euqally', 'equal', 'they are equal', 'and equal', 'a', 'Dễ', '2024-11-18 18:36:30', '2024-12-07 02:32:56'),
(52, 'A well-known large natural lake is Lake Tahoe, ................. straddles the California-Nevada border.', 'and', 'which', 'since', 'for', 'b', 'Khó', '2024-11-18 18:36:30', '2024-12-07 02:32:56'),
(53, 'Before ................., they used horse-drawn wooden carts.', 'farmers have had tractors', 'tractors owned by farmers', 'having tractors farmers', 'farmers had tractors', 'd', 'Dễ', '2024-11-18 18:36:30', '2024-12-07 02:32:56'),
(54, 'Tuna, ................., may weigh up to 1,000 pounds.', 'is the sea giant', 'can be giants of the sea', 'one of the sea giants', 'the sea of the giant', 'c', 'Dễ', '2024-11-18 18:36:30', '2024-12-07 02:32:56'),
(55, 'Physical fitness exercises can cause injuries ................. the participants are not careful.', 'that', 'to', 'if', 'which', 'c', 'Trung bình', '2024-11-18 18:36:30', '2024-12-07 02:32:56'),
(56, 'Total weight of all the ants in the world is much greater than .................', 'to all human beings', 'to all human beings', 'that of all human beings', 'is of all human beings', 'c', 'Dễ', '2024-11-18 18:36:30', '2024-12-07 02:32:56'),
(57, '................. for overall health.', 'Extra fiber in one\'s diet is helpful', 'Extra fiber is one\'s helpful diet', 'Helpful one\'s diet is extra fiber', 'One\'s diet is helpful in extra fiber', 'a', 'Trung bình', '2024-11-18 18:36:30', '2024-12-07 02:32:56'),
(58, 'Elephants scratch themselves with sticks ..................', 'holding in their trunk', 'in their trunks holding', 'hold in their trunks', 'held in their trunks', 'd', 'Trung bình', '2024-11-18 18:36:30', '2024-12-07 02:32:56'),
(59, 'Van Gogh\'s \"Sunflowers\" .............. $39.9 million, three times the previous record.', 'once sold for', 'for sale once', 'selling for once', 'for once sold\r\n', 'a', 'Khó', '2024-11-18 18:36:30', '2024-12-07 02:32:56'),
(60, 'Some monkeys, ................., use their tails in a way similar to a hand.', 'like the spider monkey', 'spider monkey likes', 'to the spider monkey', 'the monkey likes the spide', 'a', 'Trung bình', '2024-11-18 18:36:30', '2024-12-07 02:32:56'),
(61, 'Black, red, and even bright pink diamonds ......................\r\n', 'occasionally to find', 'occasionally found', 'have occasionally been found', 'have occasionally found', 'c', 'Trung bình', '2024-11-18 18:36:30', '2024-12-07 02:32:56'),
(62, 'Between the California Coast Range and the Sierra Nevada .....................', 'great Central Valley', 'the great Central Valley', ' being the great Central Valley', 'lies the great Central Valley', 'd', 'Trung bình', '2024-11-18 18:36:30', '2024-12-07 02:32:56'),
(63, 'It is gravity ................. objects toward the earth.', 'pull', 'that pulls', 'to pull', 'what pulls', 'b', 'Dễ', '2024-11-18 18:36:30', '2024-12-07 02:32:56'),
(64, '................. their territories but rather than fight, they howl', 'Wolves protectively jealous', 'Jealous of wolves', 'Protection of wolves', 'Wolves jealously protect', 'd', 'Dễ', '2024-11-18 18:36:30', '2024-12-07 02:32:56'),
(65, '................. strength of 70 horses, a forklift toils all day long in a warehouse', 'Because the', 'With the', 'Some', 'The', 'b', 'Dễ', '2024-11-18 18:36:30', '2024-12-07 02:32:56'),
(66, 'The growth of two-income families in the United States .................. of people moving to a new social class.', 'has resulted in millions', 'results of millions', 'millions of results', 'resulting in millions', 'a', 'Dễ', '2024-11-18 18:36:30', '2024-12-07 02:32:56'),
(67, 'Using a globe can be ................. it is educational.', 'enjoyable', ' to enjoy as', 'as enjoyable', 'as enjoyable as', 'd', 'Trung bình', '2024-11-18 18:36:30', '2024-12-07 02:32:56'),
(68, 'Each mediocre book we read means one less great book that we would otherwise have a chance ..................', 'to read them', 'read', 'reading', 'to read', 'd', 'Khó', '2024-11-18 18:36:30', '2024-12-07 02:32:56'),
(69, 'Most accidents in the home can be prevented by ................. elimination of hazards.', 'that', 'that the', 'there is a', 'the', 'd', 'Dễ', '2024-11-18 18:36:30', '2024-12-07 02:32:56'),
(70, '................. problems in sailing in tropical seas is the coral reefs.', 'One of the biggest', 'The biggest one', 'Of the biggest one', 'There are the biggest', 'a', 'Dễ', '2024-11-18 18:36:30', '2024-12-07 02:32:56'),
(71, 'The strongest dump trucks work in rock quarries, ................. tons of rocks and soil at one time', ' that they move', 'they move', 'where they move', 'which they move', 'c', 'Dễ', '2024-11-18 18:36:30', '2024-12-07 02:32:56'),
(72, 'Alice Freeman, ................. to head Wellesley College at age 27, is one of the youngest college presidents in history.', 'who was appointed\r\n', 'has been appointed', 'that is appointed', 'is appointed\r\n', 'a', 'Dễ', '2024-11-18 18:36:30', '2024-12-07 02:32:56'),
(73, 'Helen Keller lost both her sight and hearing after a severe illness .................', 'of her age in 19 months', 'she was 19 months old', 'when she was 19 months old', 'when 19 months old she wa', 'c', 'Dễ', '2024-11-18 18:36:30', '2024-12-07 02:32:56'),
(74, 'Because aluminum is lighter and cheaper ............., it is frequently used for high-tension power transmission.', 'as copper', 'than copper', 'for copper', 'more copper', 'b', 'Trung bình', '2024-11-18 18:36:30', '2024-12-07 02:32:56'),
(75, 'It is only recently that ballets have been based on themes ............. American life.', 'reflecting', 'reflects', 'is reflecting', 'reflected', 'a', 'Dễ', '2024-11-18 18:36:30', '2024-12-07 02:32:56'),
(76, 'Poison oak generates irritating poisons ............. even if people merely brush against the plants.', 'they can affect people', 'that can affect people', 'what can effect people', 'which do they affect', 'b', 'Trung bình', '2024-11-18 18:36:30', '2024-12-07 02:32:56'),
(77, ' ............. ants live in colonies, keep farms, go to war, carry off slaves, and have a society somewhat like human beings.', 'Studies of ant life show that', 'Studies of ant life that', 'That is studied', 'That the studies of ant life', 'a', 'Trung bình', '2024-11-18 18:36:30', '2024-12-07 02:32:56'),
(78, 'Generic medications are just as ............., and much less expensive.', 'effectively brand-name products', 'brand-name products effective', 'brand-name products as effective', 'effective as brand-name products', 'd', 'Dễ', '2024-11-18 18:36:30', '2024-12-07 02:32:56'),
(79, '............. is no way to tell the exact number of heroin addicts in the United\r\nStates.', 'It', 'There', 'What', 'Each', 'b', 'Dễ', '2024-11-18 18:36:30', '2024-12-07 02:32:56'),
(80, 'Ernest Hemingway is ............. of modern fiction.', 'one of the molders', 'the molders one', 'who is one of the molders', 'the molders who is the one', 'a', 'Trung bình', '2024-11-18 18:36:30', '2024-12-07 02:32:56'),
(81, '............. occasions for congratulations.', 'Birthdays that usually considered', 'Usually considering birthdays', 'Birthdays are usually considered', 'That considered birthdays usually', 'c', 'Dễ', '2024-11-18 18:36:30', '2024-12-07 02:32:56'),
(82, 'Forty-niners ............. to California for gold in 1848.', 'rushed\r\n', 'are rushed\r\n', 'have rushed', 'rushing', 'a', 'Dễ', '2024-11-18 18:36:30', '2024-12-07 02:32:56'),
(83, 'In order for people to work together effectively, they need ............. each other\'s needs.', 'to be sensitive to', 'is sensitive for', 'sensitivity', 'sensitive', 'a', 'Dễ', '2024-11-18 18:36:30', '2024-12-07 02:32:56'),
(84, ' It is good form to use the name of the person ..............', 'who are greeting', 'you are greeting', 'which you are greeting', 'greeting for you', 'b', 'Dễ', '2024-11-18 18:36:30', '2024-12-07 02:32:56'),
(85, '............. the promotion of health and to helping people avoid injury and disease.', 'To commit the Red Cross', 'The Red Cross to commit', 'Committed to the Red Cross is', 'The Red Cross is committed to', 'd', 'Dễ', '2024-11-18 18:36:30', '2024-12-07 02:32:56'),
(86, 'People usually can get a sufficient amount of the calcium their bodies ............. from the food they consume.', 'need', 'needs', 'needing', 'to need', 'a', 'Trung bình', '2024-11-18 18:36:30', '2024-12-07 02:32:56'),
(87, 'It is possible ............. may assist some trees in saving water in the winter.', 'the leaves are lost', 'when leaves have lost', 'that the loss of leaves', 'to lose leaves', 'c', 'Dễ', '2024-11-18 18:36:30', '2024-12-07 02:32:56'),
(88, 'Hollywood, the heart of America\'s motion picture industry, ............. of Los Angeles a century ago.', 'was only a quiet suburb', 'only quiet suburb was', 'quiet suburb only was', 'suburb was quiet only', 'a', 'Dễ', '2024-11-18 18:36:30', '2024-12-07 02:32:56'),
(89, 'Kitchen appliances called blenders became ............. in the 1930s, when Stephen J. Poplawski developed a machine that excelled at making his favorite drink.', 'establish', 'establishing', 'established', 'which establish', 'c', 'Dễ', '2024-11-18 18:36:30', '2024-12-07 02:32:56'),
(90, 'Built at the beginning of the century, the Library of Congress houses one of the largest ............. collections of books in the world.', 'and fine', 'and finest', 'or finest', 'yet fine', 'b', 'Dễ', '2024-11-18 18:36:30', '2024-12-07 02:32:56'),
(91, 'In the preparation of fibrous material for production uses, stiff woody fibers from plants ............. fibers from animal sources.', 'the most heat the', 'the most heat the', 'than more heat needed', 'need the more heat that', 'b', 'Dễ', '2024-11-18 18:36:30', '2024-12-07 02:32:56'),
(92, 'Partnership is an association of two or more individuals who ............. together to develop a business.', 'worked', 'the work', 'work', 'working', 'c', 'Dễ', '2024-11-18 18:36:30', '2024-12-07 02:32:56'),
(93, 'Chosen as the nation\'s capital at the end of the American Civil War, ............. a city of over a million people.', 'Washington, D.C., is now', 'for Washington, D.C.', 'to Washington, D.C.', 'now in Washington, D.C.', 'a', 'Dễ', '2024-11-18 18:36:30', '2024-12-07 02:32:56'),
(94, 'Within an area of only 100 miles, Death Valley sinks to 282 feet below sea level while Mount Whitney ............. to a height of 14,494 feet.\r\n', 'soaring', 'soar', 'soared', 'soars', 'd', 'Dễ', '2024-11-18 18:36:30', '2024-12-07 02:32:56'),
(95, 'The cosmopolitan flavor of San Francisco is enhanced by ............. shops and restaurants.', 'an ethnic', 'its many ethnic', 'its ethnicity', 'ethnicity', 'b', 'Trung bình', '2024-11-18 18:36:30', '2024-12-07 02:32:56'),
(96, ' ............. that increasing numbers of compact-disc players will be bought by consumers in the years to come', 'They are anticipated', 'In anticipation', 'Anticipating', 'It is anticipated', 'd', 'Trung bình', '2024-11-18 18:36:30', '2024-12-07 02:32:56'),
(97, ' Birds all over the world ............. in distances up to thousands of miles.', 'migrating', 'migrated', 'migrate', 'are migrated', 'c', 'Trung bình', '2024-11-18 18:36:30', '2024-12-07 02:32:56'),
(98, 'Cellulose, which ............. for making paper, can be found in all plants.', 'is used', 'use', 'are used', 'is using', 'a', 'Trung bình', '2024-11-18 18:36:30', '2024-12-07 02:32:56'),
(99, '............. , human beings have relatively constant body temperature.', 'Alike all mammal', 'Alike all mammals', 'Like all mammals', 'Like all mammal', 'c', 'Trung bình', '2024-11-18 18:36:30', '2024-12-07 02:32:56'),
(100, 'So far there is no vaccine ............. in sight for the common cold.', 'or curing', 'has cured', 'or cure', 'having cured', 'c', 'Khó', '2024-11-18 18:36:30', '2024-12-07 02:32:56'),
(101, 'The Louisiana Territory, an area ............. the size of France, was bought by the United States from France for $15,000,000 in 1803.', 'than more four times', 'more than four times', 'four times than more', 'is four times more than', 'b', 'Khó', '2024-11-18 18:36:30', '2024-12-07 02:32:56'),
(102, 'Despite claims that filters and low-tar tobacco make smoking somewhat safer, in fact they only marginally reduce, ............. eliminate the hazards.', 'none', 'no', 'not', 'nor', 'c', 'Dễ', '2024-11-18 18:36:30', '2024-12-07 02:32:56'),
(103, '............. many of the designs for the new capital were considered lost forever, Benjamin Banneker helped reproduce the original plans.\r\n', 'When', 'During', 'If as', 'How', 'a', 'Dễ', '2024-11-18 18:36:30', '2024-12-07 02:32:56'),
(104, 'Few natural elements exist in ............. that they are rarely seen in their natural environments.\r\n', 'such small quantities', 'so small quantities', 'very small quantities', 'small quantity', 'a', 'Dễ', '2024-11-18 18:36:30', '2024-12-07 02:32:56'),
(105, 'Generally speaking, every person ............. the potential to be a teacher, to some extent.\r\n', 'has', 'to have', 'having', 'have', 'a', 'Trung bình', '2024-11-18 18:36:30', '2024-12-07 02:32:56'),
(106, ' ............. business, a merger is a combination of two or more corporations under one management.', 'The', 'At', 'On', 'In', 'd', 'Trung bình', '2024-11-18 18:36:30', '2024-12-07 02:32:56'),
(107, '............. of commodities by air began in the 1920s at the same time as airmail service.', 'The shipping', 'A ship', 'The shipped', 'To ship', 'a', 'Dễ', '2024-11-18 18:36:30', '2024-12-07 02:32:56'),
(108, 'Jan Malzeliger\'s invention, the shoe-lasting machine, ............. production but it also cut the cost of shoe production by half.', 'not only increased', 'not increased only', 'increased only', 'only have increased', 'a', 'Dễ', '2024-11-18 18:36:30', '2024-12-07 02:32:56'),
(109, 'It can sometimes ............. a home.', 'to take months to sell', ' take several months to sell', 'selling takes several months', ' to sell taking several months', 'b', 'Dễ', '2024-11-18 18:36:30', '2024-12-07 02:32:56'),
(110, 'Jellyfish are probably ............. on Earth.', 'most numerous predators', 'the most numerous predators', 'most numerous of predators', 'the most predators', 'b', 'Dễ', '2024-11-18 18:36:30', '2024-12-07 02:32:56'),
(111, 'In the United States ............. is the most concentrated is New Orleans.', 'French influence the city', 'the city where French influence', 'where the city influences French', 'where the French influence the city', 'b', 'Dễ', '2024-11-18 18:36:30', '2024-12-07 02:32:56'),
(112, 'A log grabber has a long arm ............., which stretches out to pick up logs.', 'calls a jib', 'calling a jib', 'a jib called', 'called a jib', 'd', 'Khó', '2024-11-18 18:36:30', '2024-12-07 02:32:56'),
(113, 'A home computer ............. an opportunity for convenient and efficient work at home.', 'provides', 'to be providing', 'which provides', 'providing it', 'a', 'Dễ', '2024-11-18 18:36:30', '2024-12-07 02:32:56'),
(114, ' Eli Whitney\'s milling machine remained unchanged for a century and a half because ............. was so efficient.\r\n', 'it', 'he', 'of', 'its', 'a', 'Trung bình', '2024-11-18 18:36:30', '2024-12-07 02:32:56'),
(115, 'Some of the rainwater from clouds evaporates before ..............', 'reaching the ground', 'to reach the ground', 'reach the ground', 'the ground reaches', 'a', 'Dễ', '2024-11-18 18:36:30', '2024-12-07 02:32:56'),
(116, 'Once an offending allergen has been identified ............. tests, it is possible for the doctor to give specific desensitizing injections.', 'means of', 'by means of', 'of the means by', 'by means', 'b', 'Dễ', '2024-11-18 18:36:30', '2024-12-07 02:32:56'),
(117, 'Sometimes ............. wears people out and is worse than the lack of sleep itself.\r\n', 'to sleep the desire', 'the desire to sleep', 'to desire sleep is', 'the desire to sleep who', 'b', 'Dễ', '2024-11-18 18:36:30', '2024-12-07 02:32:56'),
(118, 'Although dissimilar in almost every other respect, birds and insects have both evolved efficient ............. capabilities.', 'fly', 'flying', 'to fly', 'is flying', 'b', 'Dễ', '2024-11-18 18:36:30', '2024-12-07 02:32:56'),
(119, 'The wheel, ............. has remained important for 4,000 years, is one of mankind\'s first inventions.', 'how', 'when', 'which', 'about', 'c', 'Trung bình', '2024-11-18 18:36:30', '2024-12-07 02:32:56'),
(120, 'The wheel, ............. has remained important for 4,000 years, is one of mankind\'s first inventions.', 'The', 'Once', 'That', 'Even', 'b', 'Trung bình', '2024-11-18 18:36:30', '2024-12-07 02:32:56'),
(121, ' ............. there is a close correlation between stress and illness.', 'Some psychologists believe', 'Believed some psychologists', 'Some psychologists to believe', 'Some psychologists believing', 'a', 'Dễ', '2024-11-18 18:36:30', '2024-12-07 02:32:56'),
(122, ' ............. is often used in soups and sauces.', 'Parsley, an inexpensive herb,', 'Parsley, an inexpensive herb,', 'Inexpensive parsley, herb', 'An herb is inexpensive parsley,', 'a', 'Trung bình', '2024-11-18 18:36:30', '2024-12-07 02:32:56'),
(123, 'Perspiration increases ............. vigorous exercise or hot weather.', 'during', 'when', 'at the time', 'for', 'a', 'Trung bình', '2024-11-18 18:36:30', '2024-12-07 02:32:56'),
(124, 'Goddard developed the first rocket to fly faster .............', 'than sound is', 'does sound', 'sound', 'than sound', 'd', 'Dễ', '2024-11-18 18:36:30', '2024-12-07 02:32:56'),
(125, 'Even if the unemployment rate ............. sharply, the drop may still be temporary.', 'to drop', 'dropping', 'have dropped', 'drops', 'd', 'Dễ', '2024-11-18 18:36:30', '2024-12-07 02:32:56'),
(126, 'Studies indicate ............. collecting art today than ever before.', 'there are that more people', 'more people that are', 'that there are more people', 'people there are more', 'c', 'Dễ', '2024-11-18 18:36:30', '2024-12-07 02:32:56'),
(127, 'Thieu Tri was a ............... poet who would pen a verse or two at a moment\'s notice.', 'prolific', 'prolifically', 'prolificacy', 'prolificity', 'a', 'Dễ', '2024-11-18 18:36:30', '2024-12-07 02:32:56'),
(128, 'I\'ve been to the theater ................... of times.', 'much', 'a little', 'most of', 'few', 'd', 'Dễ', '2024-11-18 18:36:30', '2024-12-07 02:32:56'),
(129, 'But ............... of the plays I\'ve seen are modern.', 'a few of', 'a little', 'most', 'many', 'c', 'Trung bình', '2024-11-18 18:36:30', '2024-12-07 02:32:56'),
(130, 'When I studied Shakespeare, I thought his plays were ............... boring.', 'a great deal of', 'few', 'much', 'many', 'c', 'Dễ', '2024-11-18 18:36:30', '2024-12-07 02:32:56'),
(131, '.................. of Shakespeare\'s plays are about history.', 'A few of', 'Many', 'Much', 'A little', 'b', 'Dễ', '2024-11-18 18:36:30', '2024-12-07 02:32:56'),
(132, 'They spent ............. time studying Victorian literature.', 'few', 'many', 'a large number of', 'much', 'd', 'Dễ', '2024-11-18 18:36:30', '2024-12-07 02:32:56'),
(133, ' .................. popular expressions in our language have interesting background.', 'Little', 'Many', 'A large number', 'Much', 'b', 'Dễ', '2024-11-18 18:36:30', '2024-12-07 02:32:56'),
(134, 'At the beginning everybody spoke English very quickly and I couldn\'t understand ........... But after ................. days, it is easier and .................. things I had learnt came back to me.', ' much / a few / many', 'a lot / little / a lot', 'much / much / a great number', 'many / a few / many\r\n', 'a', 'Khó', '2024-11-18 18:36:30', '2024-12-07 02:32:56'),
(135, 'They ................. in New York next week.', 'arrive', 'will arrive', 'has arrived', 'have arrived', 'b', 'Trung bình', '2024-11-18 18:36:30', '2024-12-07 02:32:56'),
(136, 'This is the best performance of Hamlet that I ............. in years', 'had seen', 'saw', 'have seen', 'see', 'c', 'Trung bình', '2024-11-18 18:36:30', '2024-12-07 02:32:56'),
(137, 'They .......... that you are going to be late.', 'will know', 'knew', 'know', 'have known', 'c', 'Khó', '2024-11-18 18:36:30', '2024-12-07 02:32:56'),
(138, 'The people that I ................. here have been very friendly.', 'to meet', 'meet', 'have met', 'had met', 'b', 'Dễ', '2024-11-18 18:36:30', '2024-12-07 02:32:56'),
(139, 'The plug has come out of the .......................', 'sock', 'socket', 'socking', 'soccer', 'b', 'Trung bình', '2024-11-18 18:36:30', '2024-12-07 02:32:56'),
(140, ' She says that she .......... the bill next week.', 'pays', 'will pay', 'has paid', 'is paying', 'b', 'Dễ', '2024-11-18 18:36:30', '2024-12-07 02:32:56'),
(141, 'That is the best book that I ......... on that subject.', 'had read', 'read', 'have read', 'am reading', 'c', 'Trung bình', '2024-11-18 18:36:30', '2024-12-07 02:32:56'),
(142, 'Yesterday I met the woman who ............... us with the work next month.', 'will help', 'helps', 'has helped', 'is helping', 'a', 'Trung bình', '2024-11-18 18:36:30', '2024-12-07 02:32:56'),
(143, 'That ........... the best movie that I had seen for a long time.', 'will be', 'has been', 'is', 'was', 'd', 'Dễ', '2024-11-18 18:36:30', '2024-12-07 02:32:56'),
(144, 'He said that he .............. me there at 4.30 this afternoon.', 'would meet', 'met', 'will meet', 'meets', 'a', 'Trung bình', '2024-11-18 18:36:30', '2024-12-07 02:32:56'),
(145, 'Maxwell .......... three dollars for the tie he bought at Macy\'s.', 'had paid', 'paid', 'pays', 'would pay', 'b', 'Trung bình', '2024-11-18 18:36:30', '2024-12-07 02:32:56'),
(146, 'The salesman was telling me that he ......... ten cars last week.', 'sold', 'had sold', 'would sell', 'has sold', 'b', 'Dễ', '2024-11-18 18:36:30', '2024-12-07 02:32:56'),
(147, ' Did Bob say that he ............. from Princeton in 1951?', 'would graduate', 'graduates', 'has graduated', 'had graduated', 'd', 'Dễ', '2024-11-18 18:36:30', '2024-12-07 02:32:56'),
(148, 'We bought a used car that had belonged to an old couple who used the car only when they ............ shopping.', 'go', 'went', 'are going', 'has gone', 'b', 'Trung bình', '2024-11-18 18:36:30', '2024-12-07 02:32:56'),
(149, 'The man who will replace Mr. Stuart ............... yesterday.', 'arrives', 'will arrive', 'arrived', 'had arrived', 'c', 'Trung bình', '2024-11-18 18:36:30', '2024-12-07 02:32:56'),
(150, 'We thought that they .............. to Arizona yesterday.', 'would move', 'moved', 'will move', 'had moved', 'b', 'Trung bình', '2024-11-18 18:36:30', '2024-12-07 02:32:56'),
(151, 'We\'ll wait until she..................', 'arrive', 'arrives', 'will arrive', 'shall arrive', 'b', 'Dễ', '2024-11-18 18:36:30', '2024-12-07 02:32:56'),
(152, 'Call Jack as soon as you ............. in town.', 'get', 'gets', 'will get', 'shall get', 'a', 'Dễ', '2024-11-18 18:36:30', '2024-12-07 02:32:56'),
(153, 'He knows he has ……………. when he is asked to appear on TV.', 'arrived', 'arrives', 'will arrive', 'shall arrive', 'a', 'Trung bình', '2024-11-18 18:36:30', '2024-12-07 02:32:56'),
(154, 'I\'ll think about your suggestion while I .......... for you.', 'am waiting', 'will wait', 'wait', 'waits', 'a', 'Dễ', '2024-11-18 18:36:30', '2024-12-07 02:32:56'),
(155, 'Before Jack leaves New York, he ............ several new plays.', 'see', 'saw', 'has seen', 'had seen', 'c', 'Dễ', '2024-11-18 18:36:30', '2024-12-07 02:32:56'),
(156, 'They will be very happy when they ............... the news.', 'hear', 'will hear', 'heard', 'has heard', 'a', 'Dễ', '2024-11-18 18:36:30', '2024-12-07 02:32:56'),
(157, ' I always .......... better after I have rested a while.', 'fell', 'feels', 'will feel', 'haf felt', 'a', 'Trung bình', '2024-11-18 18:36:30', '2024-12-07 02:32:56'),
(158, 'We will have learned many new words before we ................ through this course.', 'have got', 'got', 'get', 'will get', 'c', 'Dễ', '2024-11-18 18:36:30', '2024-12-07 02:32:56'),
(159, 'It is two o\'clock, and I .................. my homework yet.', 'haven\'t finished', 'didn\'t finish', 'hadn\'t finished', 'don\'t finish', 'a', 'Dễ', '2024-11-18 18:36:30', '2024-12-07 02:32:56'),
(160, 'We usually go out to dinner when we ................ late.', 'work', 'worked', 'had worked', 'has worked', 'a', 'Dễ', '2024-11-18 18:36:30', '2024-12-07 02:32:56'),
(161, 'She will be ready when he ..................... here.', 'get', 'gets', 'has got', 'will get', 'b', 'Trung bình', '2024-11-18 18:36:30', '2024-12-07 02:32:56'),
(162, 'The child always cries when his mother ........... out of the house.', 'go', 'goes', 'will go', 'has gone', 'b', 'Dễ', '2024-11-18 18:36:30', '2024-12-07 02:32:56'),
(163, 'They often listen to the radio while they ............ in their car.', 'is traveling', 'travel', 'will travel', 'has traveled', 'b', 'Trung bình', '2024-11-18 18:36:30', '2024-12-07 02:32:56'),
(164, 'We saw several old friends while we ........... in Baltimore.', 'are', 'were', 'has been', 'will be', 'b', 'Trung bình', '2024-11-18 18:36:30', '2024-12-07 02:32:56'),
(165, 'Raymond ............ two new shirts when he was downtown today.', 'buy', 'bought', 'had bought', 'has bought', 'b', 'Trung bình', '2024-11-18 18:36:30', '2024-12-07 02:32:56'),
(166, 'After we had had breakfast, we ............ the house.', 'leave', 'left', 'had left', 'has left', 'b', 'Dễ', '2024-11-18 18:36:30', '2024-12-07 02:32:56'),
(167, ' I had heard the news before you ................ me about it.', 'tell', 'told', 'has told', 'had told', 'b', 'Trung bình', '2024-11-18 18:36:30', '2024-12-07 02:32:56'),
(168, 'It ................. when I got up this morning', 'rains', 'rained', 'had rained', 'was raining', 'd', 'Trung bình', '2024-11-18 18:36:30', '2024-12-07 02:32:56'),
(169, 'Mary was not feeling well when she ............. down yesterday.', 'fall', 'fell', 'has fallen', 'had fallen', 'b', 'Trung bình', '2024-11-18 18:36:30', '2024-12-07 02:32:56'),
(170, 'He signed the contract after he ............ each statement carefully.', 'read', 'reads', 'has read', 'had read', 'd', 'Dễ', '2024-11-18 18:36:30', '2024-12-07 02:32:56'),
(171, 'Jim had just turned out the lights when the doorbell ................', 'rings', 'rang', 'has rung', 'had rung', 'b', 'Dễ', '2024-11-18 18:36:30', '2024-12-07 02:32:56'),
(172, 'I work so hard that I ................ tired.', 'am', 'was', 'be', 'has been', 'a', 'Trung bình', '2024-11-18 18:36:30', '2024-12-07 02:32:56'),
(173, 'I\'ll return the books to the library if I ............. time.', 'have', 'had', 'will have', 'would have', 'a', 'Dễ', '2024-11-18 18:36:30', '2024-12-07 02:32:56'),
(174, 'Richard left dirty footmarks wherever he .............', 'go', 'went', 'goes', 'had gone', 'b', 'Trung bình', '2024-11-18 18:36:30', '2024-12-08 12:51:27'),
(175, 'I worked so hard that I ................ tired.', 'am', 'was', 'be', 'has been', 'b', 'Dễ', '2024-11-18 18:36:30', '2024-12-08 12:50:49'),
(176, 'Don\'t handle those cups and saucers as if they ................. made of iron.', 'are', 'were', 'has been', 'had been', 'b', 'Dễ', '2024-12-08 12:55:25', '2024-12-08 12:55:25'),
(177, 'I am standing where I ................ the game.', 'can see', 'could see', 'can\'t see', 'couldn\'t see', 'a', 'Dễ', '2024-12-08 12:56:08', '2024-12-08 12:56:08'),
(178, 'Use the paint-brush as I ................ you yesterday.', 'show', 'showed', 'had showed', 'has showed', 'b', 'Khó', '2024-12-09 09:23:29', '2024-12-09 09:23:29'),
(179, 'aaa', 'q', 'f', 'v', 'j', 'b', 'Trung bình', '2024-12-28 01:52:30', '2024-12-28 01:52:30');

-- --------------------------------------------------------

--
-- Table structure for table `failed_jobs`
--

CREATE TABLE `failed_jobs` (
  `id` bigint(20) UNSIGNED NOT NULL,
  `uuid` varchar(255) NOT NULL,
  `connection` text NOT NULL,
  `queue` text NOT NULL,
  `payload` longtext NOT NULL,
  `exception` longtext NOT NULL,
  `failed_at` timestamp NOT NULL DEFAULT current_timestamp()
) ENGINE=InnoDB DEFAULT CHARSET=utf8mb4 COLLATE=utf8mb4_unicode_ci;

-- --------------------------------------------------------

--
-- Table structure for table `migrations`
--

CREATE TABLE `migrations` (
  `id` int(10) UNSIGNED NOT NULL,
  `migration` varchar(255) NOT NULL,
  `batch` int(11) NOT NULL
) ENGINE=InnoDB DEFAULT CHARSET=utf8mb4 COLLATE=utf8mb4_unicode_ci;

--
-- Dumping data for table `migrations`
--

INSERT INTO `migrations` (`id`, `migration`, `batch`) VALUES
(1, '2014_10_12_000000_create_users_table', 1),
(2, '2014_10_12_100000_create_password_reset_tokens_table', 1),
(3, '2019_08_19_000000_create_failed_jobs_table', 1),
(4, '2019_12_14_000001_create_personal_access_tokens_table', 1),
(5, '2024_11_19_110256_create_auths_table', 1),
(6, '2024_11_19_140747_create_tests_table', 1),
(7, '2024_11_19_140912_create_e_questions_table', 1),
(8, '2024_11_19_141915_create_test_history_table', 1),
(9, '2024_12_09_144749_create_question_tests_table', 1),
(10, '2024_12_31_040615_create_detailed_history_table', 2),
(11, '2024_12_31_042115_create_detailed_history_table', 3),
(12, '2024_12_31_042433_create_detailed_history_table', 4);

-- --------------------------------------------------------

--
-- Table structure for table `password_reset_tokens`
--

CREATE TABLE `password_reset_tokens` (
  `email` varchar(255) NOT NULL,
  `token` varchar(255) NOT NULL,
  `created_at` timestamp NULL DEFAULT NULL
) ENGINE=InnoDB DEFAULT CHARSET=utf8mb4 COLLATE=utf8mb4_unicode_ci;

-- --------------------------------------------------------

--
-- Table structure for table `personal_access_tokens`
--

CREATE TABLE `personal_access_tokens` (
  `id` bigint(20) UNSIGNED NOT NULL,
  `tokenable_type` varchar(255) NOT NULL,
  `tokenable_id` bigint(20) UNSIGNED NOT NULL,
  `name` varchar(255) NOT NULL,
  `token` varchar(64) NOT NULL,
  `abilities` text DEFAULT NULL,
  `last_used_at` timestamp NULL DEFAULT NULL,
  `expires_at` timestamp NULL DEFAULT NULL,
  `created_at` timestamp NULL DEFAULT NULL,
  `updated_at` timestamp NULL DEFAULT NULL
) ENGINE=InnoDB DEFAULT CHARSET=utf8mb4 COLLATE=utf8mb4_unicode_ci;

-- --------------------------------------------------------

--
-- Table structure for table `question_tests`
--

CREATE TABLE `question_tests` (
  `id` int(10) UNSIGNED NOT NULL,
  `id_test` int(10) UNSIGNED NOT NULL,
  `id_question` int(10) UNSIGNED NOT NULL
) ENGINE=InnoDB DEFAULT CHARSET=utf8mb4 COLLATE=utf8mb4_unicode_ci;

--
-- Dumping data for table `question_tests`
--

INSERT INTO `question_tests` (`id`, `id_test`, `id_question`) VALUES
(1, 1, 21),
(2, 1, 7),
(3, 1, 32),
(4, 1, 138),
(5, 1, 92),
(6, 1, 82),
(7, 1, 102),
(8, 1, 175),
(9, 1, 117),
(10, 1, 10),
(11, 1, 108),
(12, 1, 124),
(13, 1, 43),
(14, 1, 36),
(15, 1, 24),
(16, 1, 91),
(17, 1, 22),
(18, 1, 104),
(19, 1, 5),
(20, 1, 151),
(21, 1, 170),
(22, 1, 78),
(23, 1, 13),
(24, 1, 89),
(25, 1, 127),
(26, 1, 81),
(27, 1, 156),
(28, 1, 118),
(29, 1, 51),
(30, 1, 27),
(31, 1, 46),
(32, 1, 167),
(33, 1, 50),
(34, 1, 4),
(35, 1, 148),
(36, 1, 34),
(37, 1, 165),
(38, 1, 80),
(39, 1, 145),
(40, 1, 45),
(41, 1, 135),
(42, 1, 98),
(43, 1, 119),
(44, 1, 49),
(45, 1, 161),
(46, 1, 61),
(47, 1, 139),
(48, 1, 136),
(49, 1, 96),
(50, 1, 122),
(51, 2, 23),
(52, 2, 125),
(53, 2, 117),
(54, 2, 90),
(55, 2, 103),
(56, 2, 109),
(57, 2, 51),
(58, 2, 17),
(59, 2, 170),
(60, 2, 54),
(61, 2, 92),
(62, 2, 118),
(63, 2, 20),
(64, 2, 43),
(65, 2, 83),
(66, 2, 38),
(67, 2, 69),
(68, 2, 11),
(69, 2, 155),
(70, 2, 28),
(71, 2, 73),
(72, 2, 156),
(73, 2, 171),
(74, 2, 124),
(75, 2, 41),
(76, 2, 164),
(77, 2, 165),
(78, 2, 163),
(79, 2, 45),
(80, 2, 19),
(81, 2, 6),
(82, 2, 167),
(83, 2, 39),
(84, 2, 95),
(85, 2, 80),
(86, 2, 150),
(87, 2, 141),
(88, 2, 46),
(89, 2, 60),
(90, 2, 4),
(91, 2, 122),
(92, 2, 148),
(93, 2, 3),
(94, 2, 97),
(95, 2, 114),
(96, 2, 134),
(97, 2, 25),
(98, 2, 137),
(99, 2, 101),
(100, 2, 68),
(101, 3, 126),
(102, 3, 64),
(103, 3, 146),
(104, 3, 22),
(105, 3, 125),
(106, 3, 18),
(107, 3, 103),
(108, 3, 15),
(109, 3, 115),
(110, 3, 27),
(111, 3, 85),
(112, 3, 51),
(113, 3, 38),
(114, 3, 37),
(115, 3, 53),
(116, 3, 156),
(117, 3, 47),
(118, 3, 11),
(119, 3, 173),
(120, 3, 42),
(121, 3, 164),
(122, 3, 50),
(123, 3, 105),
(124, 3, 142),
(125, 3, 144),
(126, 3, 6),
(127, 3, 145),
(128, 3, 58),
(129, 3, 129),
(130, 3, 97),
(131, 3, 168),
(132, 3, 55),
(133, 3, 174),
(134, 3, 99),
(135, 3, 157),
(136, 3, 149),
(137, 3, 95),
(138, 3, 148),
(139, 3, 150),
(140, 3, 122),
(141, 3, 29),
(142, 3, 178),
(143, 3, 101),
(144, 3, 112),
(145, 3, 52),
(146, 3, 137),
(147, 3, 25),
(148, 3, 12),
(149, 3, 100),
(150, 3, 59),
(151, 4, 143),
(152, 4, 131),
(153, 4, 40),
(154, 4, 146),
(155, 4, 109),
(156, 4, 11),
(157, 4, 79),
(158, 4, 111),
(159, 4, 65),
(160, 4, 22),
(161, 4, 9),
(162, 4, 147),
(163, 4, 116),
(164, 4, 42),
(165, 4, 108),
(166, 4, 5),
(167, 4, 126),
(168, 4, 171),
(169, 4, 159),
(170, 4, 27),
(171, 4, 175),
(172, 4, 87),
(173, 4, 85),
(174, 4, 13),
(175, 4, 128),
(176, 4, 121),
(177, 4, 92),
(178, 4, 31),
(179, 4, 69),
(180, 4, 75),
(181, 4, 123),
(182, 4, 99),
(183, 4, 62),
(184, 4, 55),
(185, 4, 50),
(186, 4, 44),
(187, 4, 163),
(188, 4, 57),
(189, 4, 97),
(190, 4, 165),
(191, 4, 167),
(192, 4, 76),
(193, 4, 148),
(194, 4, 86),
(195, 4, 48),
(196, 4, 153),
(197, 4, 95),
(198, 4, 114),
(199, 4, 169),
(200, 4, 67),
(201, 5, 40),
(202, 5, 111),
(203, 5, 72),
(204, 5, 154),
(205, 5, 88),
(206, 5, 170),
(207, 5, 21),
(208, 5, 113),
(209, 5, 140),
(210, 5, 38),
(211, 5, 158),
(212, 5, 69),
(213, 5, 176),
(214, 5, 71),
(215, 5, 130),
(216, 5, 53),
(217, 5, 124),
(218, 5, 117),
(219, 5, 56),
(220, 5, 13),
(221, 5, 168),
(222, 5, 96),
(223, 5, 39),
(224, 5, 44),
(225, 5, 142),
(226, 5, 149),
(227, 5, 48),
(228, 5, 163),
(229, 5, 157),
(230, 5, 165),
(231, 5, 45),
(232, 5, 55),
(233, 5, 169),
(234, 5, 50),
(235, 5, 161),
(236, 5, 141),
(237, 5, 97),
(238, 5, 123),
(239, 5, 148),
(240, 5, 14),
(241, 5, 100),
(242, 5, 178),
(243, 5, 29),
(244, 5, 101),
(245, 5, 68),
(246, 5, 52),
(247, 5, 12),
(248, 5, 134),
(249, 5, 137),
(250, 5, 112),
(251, 6, 78),
(252, 6, 43),
(253, 6, 54),
(254, 6, 160),
(255, 6, 17),
(256, 6, 152),
(257, 6, 90),
(258, 6, 104),
(259, 6, 66),
(260, 6, 23),
(261, 6, 128),
(262, 6, 125),
(263, 6, 32),
(264, 6, 5),
(265, 6, 107),
(266, 6, 75),
(267, 6, 140),
(268, 6, 33),
(269, 6, 28),
(270, 6, 171),
(271, 6, 88),
(272, 6, 138),
(273, 6, 84),
(274, 6, 47),
(275, 6, 131),
(276, 6, 86),
(277, 6, 139),
(278, 6, 60),
(279, 6, 168),
(280, 6, 97),
(281, 6, 150),
(282, 6, 46),
(283, 6, 14),
(284, 6, 141),
(285, 6, 58),
(286, 6, 149),
(287, 6, 80),
(288, 6, 144),
(289, 6, 96),
(290, 6, 135),
(291, 6, 50),
(292, 6, 45),
(293, 6, 48),
(294, 6, 98),
(295, 6, 114),
(296, 6, 134),
(297, 6, 25),
(298, 6, 112),
(299, 6, 68),
(300, 6, 52),
(301, 7, 83),
(302, 7, 42),
(303, 7, 162),
(304, 7, 69),
(305, 7, 110),
(306, 7, 63),
(307, 7, 124),
(308, 7, 176),
(309, 7, 75),
(310, 7, 146),
(311, 7, 116),
(312, 7, 166),
(313, 7, 7),
(314, 7, 70),
(315, 7, 109),
(316, 7, 37),
(317, 7, 31),
(318, 7, 33),
(319, 7, 87),
(320, 7, 85),
(321, 7, 62),
(322, 7, 122),
(323, 7, 60),
(324, 7, 141),
(325, 7, 98),
(326, 7, 76),
(327, 7, 168),
(328, 7, 67),
(329, 7, 129),
(330, 7, 34),
(331, 7, 144),
(332, 7, 45),
(333, 7, 6),
(334, 7, 80),
(335, 7, 106),
(336, 7, 46),
(337, 7, 114),
(338, 7, 44),
(339, 7, 97),
(340, 7, 57),
(341, 7, 100),
(342, 7, 112),
(343, 7, 25),
(344, 7, 134),
(345, 7, 101),
(346, 7, 12),
(347, 7, 68),
(348, 7, 137),
(349, 7, 178),
(350, 7, 59),
(351, 8, 47),
(352, 8, 104),
(353, 8, 175),
(354, 8, 79),
(355, 8, 11),
(356, 8, 5),
(357, 8, 43),
(358, 8, 40),
(359, 8, 65),
(360, 8, 121),
(361, 8, 111),
(362, 8, 26),
(363, 8, 102),
(364, 8, 81),
(365, 8, 15),
(366, 8, 128),
(367, 8, 117),
(368, 8, 125),
(369, 8, 17),
(370, 8, 53),
(371, 8, 173),
(372, 8, 115),
(373, 8, 94),
(374, 8, 162),
(375, 8, 156),
(376, 8, 80),
(377, 8, 74),
(378, 8, 106),
(379, 8, 153),
(380, 8, 6),
(381, 8, 44),
(382, 8, 119),
(383, 8, 149),
(384, 8, 163),
(385, 8, 49),
(386, 8, 76),
(387, 8, 14),
(388, 8, 99),
(389, 8, 67),
(390, 8, 86),
(391, 8, 55),
(392, 8, 174),
(393, 8, 142),
(394, 8, 50),
(395, 8, 58),
(396, 8, 101),
(397, 8, 12),
(398, 8, 134),
(399, 8, 52),
(400, 8, 68),
(401, 9, 53),
(402, 9, 26),
(403, 9, 159),
(404, 9, 155),
(405, 9, 71),
(406, 9, 66),
(407, 9, 103),
(408, 9, 32),
(409, 9, 70),
(410, 9, 37),
(411, 9, 151),
(412, 9, 78),
(413, 9, 91),
(414, 9, 35),
(415, 9, 170),
(416, 9, 43),
(417, 9, 152),
(418, 9, 42),
(419, 9, 158),
(420, 9, 7),
(421, 9, 21),
(422, 9, 84),
(423, 9, 47),
(424, 9, 113),
(425, 9, 41),
(426, 9, 8),
(427, 9, 118),
(428, 9, 89),
(429, 9, 65),
(430, 9, 36),
(431, 9, 119),
(432, 9, 74),
(433, 9, 135),
(434, 9, 165),
(435, 9, 14),
(436, 9, 86),
(437, 9, 169),
(438, 9, 39),
(439, 9, 149),
(440, 9, 44),
(441, 9, 4),
(442, 9, 172),
(443, 9, 34),
(444, 9, 145),
(445, 9, 67),
(446, 9, 161),
(447, 9, 19),
(448, 9, 97),
(449, 9, 76),
(450, 9, 141),
(451, 10, 138),
(452, 10, 171),
(453, 10, 18),
(454, 10, 158),
(455, 10, 130),
(456, 10, 54),
(457, 10, 156),
(458, 10, 15),
(459, 10, 9),
(460, 10, 147),
(461, 10, 92),
(462, 10, 2),
(463, 10, 28),
(464, 10, 118),
(465, 10, 53),
(466, 10, 125),
(467, 10, 94),
(468, 10, 22),
(469, 10, 91),
(470, 10, 151),
(471, 10, 170),
(472, 10, 5),
(473, 10, 30),
(474, 10, 143),
(475, 10, 36),
(476, 10, 172),
(477, 10, 99),
(478, 10, 141),
(479, 10, 95),
(480, 10, 135),
(481, 10, 153),
(482, 10, 105),
(483, 10, 119),
(484, 10, 145),
(485, 10, 49),
(486, 10, 6),
(487, 10, 74),
(488, 10, 46),
(489, 10, 3),
(490, 10, 122),
(491, 10, 149),
(492, 10, 163),
(493, 10, 174),
(494, 10, 80),
(495, 10, 57),
(496, 10, 29),
(497, 10, 178),
(498, 10, 25),
(499, 10, 112),
(500, 10, 100),
(501, 11, 2),
(502, 11, 93),
(503, 11, 94),
(504, 11, 37),
(505, 11, 156),
(506, 11, 13),
(507, 11, 15),
(508, 11, 102),
(509, 11, 84),
(510, 11, 126),
(511, 11, 16),
(512, 11, 42),
(513, 11, 65),
(514, 11, 113),
(515, 11, 82),
(516, 11, 171),
(517, 11, 73),
(518, 11, 90),
(519, 11, 160),
(520, 11, 71),
(521, 11, 67),
(522, 11, 98),
(523, 11, 14),
(524, 11, 86),
(525, 11, 144),
(526, 11, 174),
(527, 11, 3),
(528, 11, 50),
(529, 11, 120),
(530, 11, 122),
(531, 11, 19),
(532, 11, 62),
(533, 11, 163),
(534, 11, 139),
(535, 11, 142),
(536, 11, 169),
(537, 11, 123),
(538, 11, 148),
(539, 11, 48),
(540, 11, 106),
(541, 11, 25),
(542, 11, 178),
(543, 11, 100),
(544, 11, 137),
(545, 11, 101),
(546, 11, 68),
(547, 11, 29),
(548, 11, 134),
(549, 11, 52),
(550, 11, 12),
(551, 12, 22),
(552, 12, 170),
(553, 12, 20),
(554, 12, 156),
(555, 12, 89),
(556, 12, 132),
(557, 12, 104),
(558, 12, 31),
(559, 12, 147),
(560, 12, 24),
(561, 12, 82),
(562, 12, 155),
(563, 12, 35),
(564, 12, 108),
(565, 12, 13),
(566, 12, 78),
(567, 12, 111),
(568, 12, 103),
(569, 12, 38),
(570, 12, 17),
(571, 12, 99),
(572, 12, 55),
(573, 12, 168),
(574, 12, 119),
(575, 12, 74),
(576, 12, 80),
(577, 12, 96),
(578, 12, 157),
(579, 12, 48),
(580, 12, 149),
(581, 12, 46),
(582, 12, 174),
(583, 12, 98),
(584, 12, 145),
(585, 12, 144),
(586, 12, 39),
(587, 12, 45),
(588, 12, 3),
(589, 12, 153),
(590, 12, 49),
(591, 12, 178),
(592, 12, 134),
(593, 12, 68),
(594, 12, 137),
(595, 12, 100),
(596, 12, 112),
(597, 12, 25),
(598, 12, 101),
(599, 12, 29),
(600, 12, 59),
(601, 13, 81),
(602, 13, 35),
(603, 13, 7),
(604, 13, 124),
(605, 13, 159),
(606, 13, 166),
(607, 13, 2),
(608, 13, 10),
(609, 13, 43),
(610, 13, 89),
(611, 13, 85),
(612, 13, 37),
(613, 13, 23),
(614, 13, 18),
(615, 13, 32),
(616, 13, 11),
(617, 13, 75),
(618, 13, 15),
(619, 13, 104),
(620, 13, 1),
(621, 13, 110),
(622, 13, 72),
(623, 13, 24),
(624, 13, 176),
(625, 13, 128),
(626, 13, 140),
(627, 13, 127),
(628, 13, 71),
(629, 13, 17),
(630, 13, 175),
(631, 13, 167),
(632, 13, 4),
(633, 13, 39),
(634, 13, 98),
(635, 13, 165),
(636, 13, 123),
(637, 13, 76),
(638, 13, 145),
(639, 13, 48),
(640, 13, 86),
(641, 13, 114),
(642, 13, 105),
(643, 13, 3),
(644, 13, 142),
(645, 13, 172),
(646, 13, 99),
(647, 13, 49),
(648, 13, 67),
(649, 13, 157),
(650, 13, 44),
(651, 14, 33),
(652, 14, 117),
(653, 14, 28),
(654, 14, 147),
(655, 14, 87),
(656, 14, 63),
(657, 14, 40),
(658, 14, 104),
(659, 14, 5),
(660, 14, 73),
(661, 14, 109),
(662, 14, 127),
(663, 14, 81),
(664, 14, 7),
(665, 14, 171),
(666, 14, 110),
(667, 14, 36),
(668, 14, 56),
(669, 14, 17),
(670, 14, 89),
(671, 14, 91),
(672, 14, 155),
(673, 14, 43),
(674, 14, 27),
(675, 14, 15),
(676, 14, 76),
(677, 14, 44),
(678, 14, 105),
(679, 14, 67),
(680, 14, 148),
(681, 14, 174),
(682, 14, 80),
(683, 14, 135),
(684, 14, 97),
(685, 14, 55),
(686, 14, 60),
(687, 14, 141),
(688, 14, 58),
(689, 14, 77),
(690, 14, 168),
(691, 14, 61),
(692, 14, 74),
(693, 14, 50),
(694, 14, 96),
(695, 14, 145),
(696, 14, 112),
(697, 14, 101),
(698, 14, 59),
(699, 14, 25),
(700, 14, 52);

-- --------------------------------------------------------

--
-- Table structure for table `tests`
--

CREATE TABLE `tests` (
  `id` int(10) UNSIGNED NOT NULL,
  `name` varchar(255) NOT NULL,
  `level` enum('Dễ','Trung bình','Khó') NOT NULL,
  `created_at` timestamp NULL DEFAULT NULL,
  `updated_at` timestamp NULL DEFAULT NULL
) ENGINE=InnoDB DEFAULT CHARSET=utf8mb4 COLLATE=utf8mb4_unicode_ci;

--
-- Dumping data for table `tests`
--

INSERT INTO `tests` (`id`, `name`, `level`, `created_at`, `updated_at`) VALUES
(1, 'Đề 1', 'Dễ', '2024-12-09 09:26:23', '2024-12-09 09:26:23'),
(2, 'Đề 2', 'Trung bình', '2024-12-09 09:26:48', '2024-12-09 09:26:48'),
(3, 'Đề 3', 'Khó', '2024-12-09 09:26:58', '2024-12-09 09:26:58'),
(4, 'Đề 4', 'Dễ', '2024-12-10 07:30:43', '2024-12-10 07:30:43'),
(5, 'Đề 5', 'Khó', '2024-12-23 02:07:19', '2024-12-23 02:07:19'),
(6, 'Đề 6', 'Trung bình', '2024-12-23 02:07:28', '2024-12-23 02:07:28'),
(7, 'Đề 7', 'Khó', '2024-12-23 02:07:39', '2024-12-23 02:07:39'),
(8, 'Đề 8', 'Trung bình', '2024-12-23 02:07:52', '2024-12-23 02:07:52'),
(9, 'Đề 9', 'Dễ', '2024-12-23 02:08:01', '2024-12-23 02:08:01'),
(10, 'Đề 10', 'Trung bình', '2024-12-27 22:36:34', '2024-12-27 22:36:34'),
(11, 'Đề 11', 'Khó', '2024-12-27 22:36:42', '2024-12-27 22:36:42'),
(12, 'Đề 12', 'Khó', '2024-12-27 22:36:49', '2024-12-27 22:36:49'),
(13, 'Đề 13', 'Dễ', '2024-12-27 22:38:55', '2024-12-27 22:38:55'),
(14, 'Đề 14', 'Trung bình', '2024-12-28 01:52:48', '2024-12-28 01:52:48');

-- --------------------------------------------------------

--
-- Table structure for table `test_history`
--

CREATE TABLE `test_history` (
  `id` int(10) UNSIGNED NOT NULL,
  `id_test` int(10) UNSIGNED NOT NULL,
  `id_user` int(10) UNSIGNED NOT NULL,
  `score` int(11) NOT NULL,
  `created_at` timestamp NULL DEFAULT NULL,
  `updated_at` timestamp NULL DEFAULT NULL
) ENGINE=InnoDB DEFAULT CHARSET=utf8mb4 COLLATE=utf8mb4_unicode_ci;

--
-- Dumping data for table `test_history`
--

INSERT INTO `test_history` (`id`, `id_test`, `id_user`, `score`, `created_at`, `updated_at`) VALUES
(1, 3, 1, 0, '2024-12-31 00:11:03', '2024-12-31 00:11:03'),
(2, 3, 1, 2, '2024-12-31 00:11:15', '2024-12-31 00:11:15'),
(3, 8, 1, 4, '2024-12-31 00:11:25', '2024-12-31 00:11:25'),
(4, 3, 3, 4, '2024-12-31 00:34:07', '2024-12-31 00:34:07'),
(5, 11, 1, 10, '2024-12-31 01:07:02', '2024-12-31 01:07:02'),
(6, 11, 1, 10, '2024-12-31 01:09:27', '2024-12-31 01:09:27'),
(7, 11, 1, 10, '2024-12-31 01:09:41', '2024-12-31 01:09:41'),
(8, 11, 1, 10, '2024-12-31 01:19:15', '2024-12-31 01:19:15'),
(9, 11, 1, 10, '2024-12-31 01:19:43', '2024-12-31 01:19:43'),
(10, 10, 1, 6, '2024-12-31 01:21:46', '2024-12-31 01:21:46'),
(11, 13, 1, 2, '2024-12-31 01:24:06', '2024-12-31 01:24:06'),
(12, 14, 1, 8, '2024-12-31 02:27:48', '2024-12-31 02:27:48'),
(13, 1, 1, 2, '2024-12-31 02:30:10', '2024-12-31 02:30:10');

-- --------------------------------------------------------

--
-- Table structure for table `users`
--

CREATE TABLE `users` (
  `id` int(10) UNSIGNED NOT NULL,
  `name` varchar(255) NOT NULL,
  `phone` varchar(20) DEFAULT NULL,
  `address` varchar(255) DEFAULT NULL,
  `email` varchar(255) NOT NULL,
  `gender` enum('Nam','Nữ','Khác') DEFAULT NULL,
  `username` varchar(255) NOT NULL,
  `password` varchar(255) NOT NULL,
  `created_at` timestamp NULL DEFAULT NULL,
  `updated_at` timestamp NULL DEFAULT NULL
) ENGINE=InnoDB DEFAULT CHARSET=utf8mb4 COLLATE=utf8mb4_unicode_ci;

--
-- Dumping data for table `users`
--

INSERT INTO `users` (`id`, `name`, `phone`, `address`, `email`, `gender`, `username`, `password`, `created_at`, `updated_at`) VALUES
(1, 'Bách', '0259998547', NULL, 'bach@gmail.com', 'Nam', 'bach', '$2y$12$5dcjIzRr.wl0dj0iLNay1OT9hm/PnhDcWlqEBQDGayqeOFzKVxOLa', '2024-12-09 09:15:11', '2024-12-23 02:35:30'),
(3, 'Ngọc', NULL, NULL, 'ngoc@gmail.com', NULL, 'ngoc', '$2y$12$oMliSacPwGBmf3.juwgNhOpPdWTrgC5D5Bt42VftYHT856ll1r2fq', '2024-12-31 00:33:38', '2024-12-31 00:33:38');

--
-- Indexes for dumped tables
--

--
-- Indexes for table `auths`
--
ALTER TABLE `auths`
  ADD PRIMARY KEY (`id`);

--
-- Indexes for table `detailed_history`
--
ALTER TABLE `detailed_history`
  ADD PRIMARY KEY (`id`),
  ADD KEY `detailed_history_id_history_foreign` (`id_history`),
  ADD KEY `detailed_history_id_question_foreign` (`id_question`);

--
-- Indexes for table `e_questions`
--
ALTER TABLE `e_questions`
  ADD PRIMARY KEY (`id`);

--
-- Indexes for table `failed_jobs`
--
ALTER TABLE `failed_jobs`
  ADD PRIMARY KEY (`id`),
  ADD UNIQUE KEY `failed_jobs_uuid_unique` (`uuid`);

--
-- Indexes for table `migrations`
--
ALTER TABLE `migrations`
  ADD PRIMARY KEY (`id`);

--
-- Indexes for table `password_reset_tokens`
--
ALTER TABLE `password_reset_tokens`
  ADD PRIMARY KEY (`email`);

--
-- Indexes for table `personal_access_tokens`
--
ALTER TABLE `personal_access_tokens`
  ADD PRIMARY KEY (`id`),
  ADD UNIQUE KEY `personal_access_tokens_token_unique` (`token`),
  ADD KEY `personal_access_tokens_tokenable_type_tokenable_id_index` (`tokenable_type`,`tokenable_id`);

--
-- Indexes for table `question_tests`
--
ALTER TABLE `question_tests`
  ADD PRIMARY KEY (`id`),
  ADD KEY `question_tests_id_test_foreign` (`id_test`),
  ADD KEY `question_tests_id_question_foreign` (`id_question`);

--
-- Indexes for table `tests`
--
ALTER TABLE `tests`
  ADD PRIMARY KEY (`id`);

--
-- Indexes for table `test_history`
--
ALTER TABLE `test_history`
  ADD PRIMARY KEY (`id`),
  ADD KEY `test_history_id_test_foreign` (`id_test`),
  ADD KEY `test_history_id_user_foreign` (`id_user`);

--
-- Indexes for table `users`
--
ALTER TABLE `users`
  ADD PRIMARY KEY (`id`),
  ADD UNIQUE KEY `users_email_unique` (`email`),
  ADD UNIQUE KEY `users_username_unique` (`username`);

--
-- AUTO_INCREMENT for dumped tables
--

--
-- AUTO_INCREMENT for table `auths`
--
ALTER TABLE `auths`
  MODIFY `id` bigint(20) UNSIGNED NOT NULL AUTO_INCREMENT;

--
-- AUTO_INCREMENT for table `detailed_history`
--
ALTER TABLE `detailed_history`
  MODIFY `id` int(10) UNSIGNED NOT NULL AUTO_INCREMENT, AUTO_INCREMENT=651;

--
-- AUTO_INCREMENT for table `e_questions`
--
ALTER TABLE `e_questions`
  MODIFY `id` int(10) UNSIGNED NOT NULL AUTO_INCREMENT, AUTO_INCREMENT=180;

--
-- AUTO_INCREMENT for table `failed_jobs`
--
ALTER TABLE `failed_jobs`
  MODIFY `id` bigint(20) UNSIGNED NOT NULL AUTO_INCREMENT;

--
-- AUTO_INCREMENT for table `migrations`
--
ALTER TABLE `migrations`
  MODIFY `id` int(10) UNSIGNED NOT NULL AUTO_INCREMENT, AUTO_INCREMENT=13;

--
-- AUTO_INCREMENT for table `personal_access_tokens`
--
ALTER TABLE `personal_access_tokens`
  MODIFY `id` bigint(20) UNSIGNED NOT NULL AUTO_INCREMENT;

--
-- AUTO_INCREMENT for table `question_tests`
--
ALTER TABLE `question_tests`
  MODIFY `id` int(10) UNSIGNED NOT NULL AUTO_INCREMENT, AUTO_INCREMENT=701;

--
-- AUTO_INCREMENT for table `tests`
--
ALTER TABLE `tests`
  MODIFY `id` int(10) UNSIGNED NOT NULL AUTO_INCREMENT, AUTO_INCREMENT=15;

--
-- AUTO_INCREMENT for table `test_history`
--
ALTER TABLE `test_history`
  MODIFY `id` int(10) UNSIGNED NOT NULL AUTO_INCREMENT, AUTO_INCREMENT=14;

--
-- AUTO_INCREMENT for table `users`
--
ALTER TABLE `users`
  MODIFY `id` int(10) UNSIGNED NOT NULL AUTO_INCREMENT, AUTO_INCREMENT=4;

--
-- Constraints for dumped tables
--

--
-- Constraints for table `detailed_history`
--
ALTER TABLE `detailed_history`
  ADD CONSTRAINT `detailed_history_id_history_foreign` FOREIGN KEY (`id_history`) REFERENCES `test_history` (`id`) ON DELETE CASCADE,
  ADD CONSTRAINT `detailed_history_id_question_foreign` FOREIGN KEY (`id_question`) REFERENCES `e_questions` (`id`) ON DELETE CASCADE;

--
-- Constraints for table `question_tests`
--
ALTER TABLE `question_tests`
  ADD CONSTRAINT `question_tests_id_question_foreign` FOREIGN KEY (`id_question`) REFERENCES `e_questions` (`id`) ON DELETE CASCADE,
  ADD CONSTRAINT `question_tests_id_test_foreign` FOREIGN KEY (`id_test`) REFERENCES `tests` (`id`) ON DELETE CASCADE;

--
-- Constraints for table `test_history`
--
ALTER TABLE `test_history`
  ADD CONSTRAINT `test_history_id_test_foreign` FOREIGN KEY (`id_test`) REFERENCES `tests` (`id`) ON DELETE CASCADE,
  ADD CONSTRAINT `test_history_id_user_foreign` FOREIGN KEY (`id_user`) REFERENCES `users` (`id`) ON DELETE CASCADE;
COMMIT;

/*!40101 SET CHARACTER_SET_CLIENT=@OLD_CHARACTER_SET_CLIENT */;
/*!40101 SET CHARACTER_SET_RESULTS=@OLD_CHARACTER_SET_RESULTS */;
/*!40101 SET COLLATION_CONNECTION=@OLD_COLLATION_CONNECTION */;
